[
  {
    "__type__": "cc.SceneAsset",
    "_name": "game",
    "_objFlags": 0,
    "_native": "",
    "scene": {
      "__id__": 1
    },
    "asyncLoadAssets": false
  },
  {
    "__type__": "cc.Scene",
    "_objFlags": 0,
    "_parent": null,
    "_children": [
      {
        "__id__": 2
      }
    ],
    "_active": false,
    "_level": 0,
    "_components": [],
    "_prefab": null,
    "_opacity": 255,
    "_color": {
      "__type__": "cc.Color",
      "r": 255,
      "g": 255,
      "b": 255,
      "a": 255
    },
    "_contentSize": {
      "__type__": "cc.Size",
      "width": 0,
      "height": 0
    },
    "_anchorPoint": {
      "__type__": "cc.Vec2",
      "x": 0,
      "y": 0
    },
    "_scale": {
      "__type__": "cc.Vec3",
      "x": 1,
      "y": 1,
      "z": 1
    },
    "_is3DNode": true,
    "groupIndex": 0,
    "autoReleaseAssets": false,
    "_id": "4307ddb0-185f-4b5d-93da-e9266b32394d"
  },
  {
    "__type__": "cc.Node",
    "_name": "Canvas",
    "_objFlags": 0,
    "_parent": {
      "__id__": 1
    },
    "_children": [
      {
        "__id__": 3
      },
      {
        "__id__": 5
      },
      {
        "__id__": 14
      },
      {
        "__id__": 23
      },
      {
        "__id__": 26
      },
      {
        "__id__": 44
      },
      {
        "__id__": 47
      },
      {
        "__id__": 64
      }
    ],
    "_active": true,
    "_level": 1,
    "_components": [
      {
        "__id__": 79
      },
      {
        "__id__": 80
      },
      {
        "__id__": 81
      },
      {
        "__id__": 82
      }
    ],
    "_prefab": null,
    "_opacity": 255,
    "_color": {
      "__type__": "cc.Color",
      "r": 80,
      "g": 92,
      "b": 179,
      "a": 255
    },
    "_contentSize": {
      "__type__": "cc.Size",
      "width": 375,
      "height": 667
    },
    "_anchorPoint": {
      "__type__": "cc.Vec2",
      "x": 0.5,
      "y": 0.5
    },
    "_position": {
      "__type__": "cc.Vec3",
      "x": 187.5,
      "y": 333.5,
      "z": 0
    },
    "_scale": {
      "__type__": "cc.Vec3",
      "x": 1,
      "y": 1,
      "z": 1
    },
    "_eulerAngles": {
      "__type__": "cc.Vec3",
      "x": 0,
      "y": 0,
      "z": 0
    },
    "_skewX": 0,
    "_skewY": 0,
    "_is3DNode": false,
    "groupIndex": 0,
    "_id": "e821HNPRBCkqaT1fMk9fFR"
  },
  {
    "__type__": "cc.Node",
    "_name": "Main Camera",
    "_objFlags": 0,
    "_parent": {
      "__id__": 2
    },
    "_children": [],
    "_active": true,
    "_level": 2,
    "_components": [
      {
        "__id__": 4
      }
    ],
    "_prefab": null,
    "_opacity": 255,
    "_color": {
      "__type__": "cc.Color",
      "r": 255,
      "g": 255,
      "b": 255,
      "a": 255
    },
    "_contentSize": {
      "__type__": "cc.Size",
      "width": 0,
      "height": 0
    },
    "_anchorPoint": {
      "__type__": "cc.Vec2",
      "x": 0.5,
      "y": 0.5
    },
    "_position": {
      "__type__": "cc.Vec3",
      "x": 0,
      "y": 0,
      "z": 458.1274386019681
    },
    "_scale": {
      "__type__": "cc.Vec3",
      "x": 1,
      "y": 1,
      "z": 1
    },
    "_eulerAngles": {
      "__type__": "cc.Vec3",
      "x": 0,
      "y": 0,
      "z": 0
    },
    "_skewX": 0,
    "_skewY": 0,
    "_is3DNode": false,
    "groupIndex": 0,
    "_id": "dbvbOLYa1IArQW1HrcA/JI"
  },
  {
    "__type__": "cc.Camera",
    "_name": "",
    "_objFlags": 0,
    "node": {
      "__id__": 3
    },
    "_enabled": true,
    "_cullingMask": 4294967295,
    "_clearFlags": 7,
    "_backgroundColor": {
      "__type__": "cc.Color",
      "r": 0,
      "g": 0,
      "b": 0,
      "a": 255
    },
    "_depth": -1,
    "_zoomRatio": 1,
    "_targetTexture": null,
    "_fov": 60,
    "_orthoSize": 10,
    "_nearClip": 1,
    "_farClip": 4096,
    "_ortho": true,
    "_rect": {
      "__type__": "cc.Rect",
      "x": 0,
      "y": 0,
      "width": 1,
      "height": 1
    },
    "_renderStages": 1,
    "_id": "2eOI7QMJFMS4V0H2QEBFic"
  },
  {
    "__type__": "cc.Node",
    "_name": "group1",
    "_objFlags": 0,
    "_parent": {
      "__id__": 2
    },
    "_children": [
      {
        "__id__": 6
      }
    ],
    "_active": true,
    "_level": 2,
    "_components": [
      {
        "__id__": 11
      },
      {
        "__id__": 12
      },
      {
        "__id__": 13
      }
    ],
    "_prefab": null,
    "_opacity": 255,
    "_color": {
      "__type__": "cc.Color",
      "r": 197,
      "g": 202,
      "b": 63,
      "a": 255
    },
    "_contentSize": {
      "__type__": "cc.Size",
      "width": 185,
      "height": 667
    },
    "_anchorPoint": {
      "__type__": "cc.Vec2",
      "x": 0,
      "y": 0
    },
    "_position": {
      "__type__": "cc.Vec3",
      "x": -187.5,
      "y": -333.5,
      "z": 0
    },
    "_scale": {
      "__type__": "cc.Vec3",
      "x": 1,
      "y": 1,
      "z": 1
    },
    "_eulerAngles": {
      "__type__": "cc.Vec3",
      "x": 0,
      "y": 0,
      "z": 0
    },
    "_skewX": 0,
    "_skewY": 0,
    "_is3DNode": false,
    "groupIndex": 0,
    "_id": "13JuOwS3tJHpE2NCtTFGp1"
  },
  {
    "__type__": "cc.Node",
    "_name": "lead",
    "_objFlags": 0,
    "_parent": {
      "__id__": 5
    },
    "_children": [],
    "_active": true,
    "_level": 3,
    "_components": [
      {
        "__id__": 7
      },
      {
        "__id__": 8
      },
      {
        "__id__": 9
      },
      {
        "__id__": 10
      }
    ],
    "_prefab": null,
    "_opacity": 255,
    "_color": {
      "__type__": "cc.Color",
      "r": 255,
      "g": 255,
      "b": 255,
      "a": 255
    },
    "_contentSize": {
      "__type__": "cc.Size",
      "width": 16,
      "height": 28
    },
    "_anchorPoint": {
      "__type__": "cc.Vec2",
      "x": 0,
      "y": 0
    },
    "_position": {
      "__type__": "cc.Vec3",
      "x": 0,
      "y": 319.5,
      "z": 0
    },
    "_scale": {
      "__type__": "cc.Vec3",
      "x": 1,
      "y": 1,
      "z": 1
    },
    "_eulerAngles": {
      "__type__": "cc.Vec3",
      "x": 0,
      "y": 0,
      "z": 0
    },
    "_skewX": 0,
    "_skewY": 0,
    "_is3DNode": false,
    "groupIndex": 1,
    "_id": "6eoZSKs7NLzbPrArwE+cvP"
  },
  {
    "__type__": "cc.Sprite",
    "_name": "",
    "_objFlags": 0,
    "node": {
      "__id__": 6
    },
    "_enabled": true,
    "_materials": [
      {
        "__uuid__": "eca5d2f2-8ef6-41c2-bbe6-f9c79d09c432"
      }
    ],
    "_srcBlendFactor": 770,
    "_dstBlendFactor": 771,
    "_spriteFrame": {
      "__uuid__": "1091ced4-d8c0-4c95-96ff-5d7ed31d270f"
    },
    "_type": 0,
    "_sizeMode": 1,
    "_fillType": 0,
    "_fillCenter": {
      "__type__": "cc.Vec2",
      "x": 0,
      "y": 0
    },
    "_fillStart": 0,
    "_fillRange": 0,
    "_isTrimmedMode": true,
    "_atlas": null,
    "_id": "588OKktqhOYbj2KS48I0fI"
  },
  {
    "__type__": "cc.Widget",
    "_name": "",
    "_objFlags": 0,
    "node": {
      "__id__": 6
    },
    "_enabled": true,
    "alignMode": 1,
    "_target": null,
    "_alignFlags": 10,
    "_left": 0,
    "_right": 0,
    "_top": 0,
    "_bottom": 100,
    "_verticalCenter": 0,
    "_horizontalCenter": 0,
    "_isAbsLeft": true,
    "_isAbsRight": true,
    "_isAbsTop": true,
    "_isAbsBottom": true,
    "_isAbsHorizontalCenter": true,
    "_isAbsVerticalCenter": true,
    "_originalWidth": 0,
    "_originalHeight": 0,
    "_id": "99AtN8ZqpFhbVjV2QlUryL"
  },
  {
    "__type__": "3e20do9TxFPjrEMXWK/sW/2",
    "_name": "",
    "_objFlags": 0,
    "node": {
      "__id__": 6
    },
    "_enabled": true,
    "_id": "58wajwEppPjqsROMm+ThOZ"
  },
  {
    "__type__": "cc.PolygonCollider",
    "_name": "",
    "_objFlags": 0,
    "node": {
      "__id__": 6
    },
    "_enabled": true,
    "tag": 0,
    "_offset": {
      "__type__": "cc.Vec2",
      "x": 0,
      "y": 0
    },
    "points": [
      {
        "__type__": "cc.Vec2",
        "x": 6,
        "y": 28
      },
      {
        "__type__": "cc.Vec2",
        "x": 6,
        "y": 26
      },
      {
        "__type__": "cc.Vec2",
        "x": 3,
        "y": 25
      },
      {
        "__type__": "cc.Vec2",
        "x": 4,
        "y": 19
      },
      {
        "__type__": "cc.Vec2",
        "x": 0,
        "y": 10
      },
      {
        "__type__": "cc.Vec2",
        "x": 0,
        "y": 4
      },
      {
        "__type__": "cc.Vec2",
        "x": 3,
        "y": 0
      },
      {
        "__type__": "cc.Vec2",
        "x": 13,
        "y": 0
      },
      {
        "__type__": "cc.Vec2",
        "x": 16,
        "y": 4
      },
      {
        "__type__": "cc.Vec2",
        "x": 16,
        "y": 10
      },
      {
        "__type__": "cc.Vec2",
        "x": 13,
        "y": 16
      },
      {
        "__type__": "cc.Vec2",
        "x": 13,
        "y": 25
      },
      {
        "__type__": "cc.Vec2",
        "x": 10,
        "y": 26
      },
      {
        "__type__": "cc.Vec2",
        "x": 10,
        "y": 28
      }
    ],
    "_id": "108L8wMixPopnmy5xa1IY1"
  },
  {
    "__type__": "cc.Widget",
    "_name": "",
    "_objFlags": 0,
    "node": {
      "__id__": 5
    },
    "_enabled": true,
    "alignMode": 1,
    "_target": null,
    "_alignFlags": 45,
    "_left": 0,
    "_right": 190,
    "_top": 0,
    "_bottom": 0,
    "_verticalCenter": 0,
    "_horizontalCenter": 0,
    "_isAbsLeft": true,
    "_isAbsRight": true,
    "_isAbsTop": true,
    "_isAbsBottom": true,
    "_isAbsHorizontalCenter": true,
    "_isAbsVerticalCenter": true,
    "_originalWidth": 185,
    "_originalHeight": 667,
    "_id": "dfw1NIcCZKZ7by7yUXT7gr"
  },
  {
    "__type__": "c8b88ku6A9MKLMYPBj3vbiN",
    "_name": "",
    "_objFlags": 0,
    "node": {
      "__id__": 5
    },
    "_enabled": true,
    "branchpreL": {
      "__uuid__": "dff5628b-91bb-4a29-a995-940c6f3c119c"
    },
    "branchpreR": {
      "__uuid__": "ae2a55ca-d698-44fe-90bd-33a15a85a568"
    },
    "_id": "c8/fFXiFNCYoL+9MP84BTD"
  },
  {
    "__type__": "cc.Sprite",
    "_name": "",
    "_objFlags": 0,
    "node": {
      "__id__": 5
    },
    "_enabled": true,
    "_materials": [
      {
        "__uuid__": "eca5d2f2-8ef6-41c2-bbe6-f9c79d09c432"
      }
    ],
    "_srcBlendFactor": 770,
    "_dstBlendFactor": 771,
    "_spriteFrame": {
      "__uuid__": "116d7434-d076-4bba-9647-9edacfa9a4a9"
    },
    "_type": 0,
    "_sizeMode": 0,
    "_fillType": 0,
    "_fillCenter": {
      "__type__": "cc.Vec2",
      "x": 0,
      "y": 0
    },
    "_fillStart": 0,
    "_fillRange": 0,
    "_isTrimmedMode": true,
    "_atlas": null,
    "_id": "83pOWROiRHGox/2zq+05iK"
  },
  {
    "__type__": "cc.Node",
    "_name": "group2",
    "_objFlags": 0,
    "_parent": {
      "__id__": 2
    },
    "_children": [
      {
        "__id__": 15
      }
    ],
    "_active": true,
    "_level": 2,
    "_components": [
      {
        "__id__": 20
      },
      {
        "__id__": 21
      },
      {
        "__id__": 22
      }
    ],
    "_prefab": null,
    "_opacity": 255,
    "_color": {
      "__type__": "cc.Color",
      "r": 195,
      "g": 97,
      "b": 97,
      "a": 255
    },
    "_contentSize": {
      "__type__": "cc.Size",
      "width": 185,
      "height": 667
    },
    "_anchorPoint": {
      "__type__": "cc.Vec2",
      "x": 0,
      "y": 0
    },
    "_position": {
      "__type__": "cc.Vec3",
      "x": 2.5,
      "y": -333.5,
      "z": 0
    },
    "_scale": {
      "__type__": "cc.Vec3",
      "x": 1,
      "y": 1,
      "z": 1
    },
    "_eulerAngles": {
      "__type__": "cc.Vec3",
      "x": 0,
      "y": 0,
      "z": 0
    },
    "_skewX": 0,
    "_skewY": 0,
    "_is3DNode": false,
    "groupIndex": 0,
    "_id": "55C6OYONJGIroFxOX2Vw/5"
  },
  {
    "__type__": "cc.Node",
    "_name": "lead",
    "_objFlags": 0,
    "_parent": {
      "__id__": 14
    },
    "_children": [],
    "_active": true,
    "_level": 3,
    "_components": [
      {
        "__id__": 16
      },
      {
        "__id__": 17
      },
      {
        "__id__": 18
      },
      {
        "__id__": 19
      }
    ],
    "_prefab": null,
    "_opacity": 255,
    "_color": {
      "__type__": "cc.Color",
      "r": 255,
      "g": 255,
      "b": 255,
      "a": 255
    },
    "_contentSize": {
      "__type__": "cc.Size",
      "width": 16,
      "height": 28
    },
    "_anchorPoint": {
      "__type__": "cc.Vec2",
      "x": 0,
      "y": 0
    },
    "_position": {
      "__type__": "cc.Vec3",
      "x": 0,
      "y": 319.5,
      "z": 0
    },
    "_scale": {
      "__type__": "cc.Vec3",
      "x": 1,
      "y": 1,
      "z": 1
    },
    "_eulerAngles": {
      "__type__": "cc.Vec3",
      "x": 0,
      "y": 0,
      "z": 0
    },
    "_skewX": 0,
    "_skewY": 0,
    "_is3DNode": false,
    "groupIndex": 1,
    "_id": "aaVOJ718ZFjaCEF/a1g14Y"
  },
  {
    "__type__": "cc.Sprite",
    "_name": "",
    "_objFlags": 0,
    "node": {
      "__id__": 15
    },
    "_enabled": true,
    "_materials": [
      {
        "__uuid__": "eca5d2f2-8ef6-41c2-bbe6-f9c79d09c432"
      }
    ],
    "_srcBlendFactor": 770,
    "_dstBlendFactor": 771,
    "_spriteFrame": {
      "__uuid__": "1091ced4-d8c0-4c95-96ff-5d7ed31d270f"
    },
    "_type": 0,
    "_sizeMode": 1,
    "_fillType": 0,
    "_fillCenter": {
      "__type__": "cc.Vec2",
      "x": 0,
      "y": 0
    },
    "_fillStart": 0,
    "_fillRange": 0,
    "_isTrimmedMode": true,
    "_atlas": null,
    "_id": "41o+Bo6bhIGo7mtiwLwUUw"
  },
  {
    "__type__": "cc.Widget",
    "_name": "",
    "_objFlags": 0,
    "node": {
      "__id__": 15
    },
    "_enabled": true,
    "alignMode": 1,
    "_target": null,
    "_alignFlags": 10,
    "_left": 0,
    "_right": 0,
    "_top": 0,
    "_bottom": 100,
    "_verticalCenter": 0,
    "_horizontalCenter": 0,
    "_isAbsLeft": true,
    "_isAbsRight": true,
    "_isAbsTop": true,
    "_isAbsBottom": true,
    "_isAbsHorizontalCenter": true,
    "_isAbsVerticalCenter": true,
    "_originalWidth": 0,
    "_originalHeight": 0,
    "_id": "54cjqTA7pLCZOlJukScrDM"
  },
  {
    "__type__": "3e20do9TxFPjrEMXWK/sW/2",
    "_name": "",
    "_objFlags": 0,
    "node": {
      "__id__": 15
    },
    "_enabled": true,
    "_id": "13R8MNmZ5HWr6XWcdZpNkg"
  },
  {
    "__type__": "cc.PolygonCollider",
    "_name": "",
    "_objFlags": 0,
    "node": {
      "__id__": 15
    },
    "_enabled": true,
    "tag": 0,
    "_offset": {
      "__type__": "cc.Vec2",
      "x": 0,
      "y": 0
    },
    "points": [
      {
        "__type__": "cc.Vec2",
        "x": 6,
        "y": 28
      },
      {
        "__type__": "cc.Vec2",
        "x": 6,
        "y": 26
      },
      {
        "__type__": "cc.Vec2",
        "x": 3,
        "y": 25
      },
      {
        "__type__": "cc.Vec2",
        "x": 4,
        "y": 19
      },
      {
        "__type__": "cc.Vec2",
        "x": 0,
        "y": 10
      },
      {
        "__type__": "cc.Vec2",
        "x": 0,
        "y": 4
      },
      {
        "__type__": "cc.Vec2",
        "x": 3,
        "y": 0
      },
      {
        "__type__": "cc.Vec2",
        "x": 13,
        "y": 0
      },
      {
        "__type__": "cc.Vec2",
        "x": 16,
        "y": 4
      },
      {
        "__type__": "cc.Vec2",
        "x": 16,
        "y": 10
      },
      {
        "__type__": "cc.Vec2",
        "x": 13,
        "y": 16
      },
      {
        "__type__": "cc.Vec2",
        "x": 13,
        "y": 25
      },
      {
        "__type__": "cc.Vec2",
        "x": 10,
        "y": 26
      },
      {
        "__type__": "cc.Vec2",
        "x": 10,
        "y": 28
      }
    ],
    "_id": "eaQEb/639ELqQNACwp4Hoi"
  },
  {
    "__type__": "cc.Widget",
    "_name": "",
    "_objFlags": 0,
    "node": {
      "__id__": 14
    },
    "_enabled": true,
    "alignMode": 1,
    "_target": null,
    "_alignFlags": 45,
    "_left": 190,
    "_right": 0,
    "_top": 0,
    "_bottom": 0,
    "_verticalCenter": 0,
    "_horizontalCenter": 0,
    "_isAbsLeft": true,
    "_isAbsRight": true,
    "_isAbsTop": true,
    "_isAbsBottom": true,
    "_isAbsHorizontalCenter": true,
    "_isAbsVerticalCenter": true,
    "_originalWidth": 185,
    "_originalHeight": 667,
    "_id": "1bpQ08c5ND3riVhkeKfE3Z"
  },
  {
    "__type__": "5df48gaA05NIoo/J4tNrUuV",
    "_name": "",
    "_objFlags": 0,
    "node": {
      "__id__": 14
    },
    "_enabled": true,
    "branchpreL": {
      "__uuid__": "dff5628b-91bb-4a29-a995-940c6f3c119c"
    },
    "branchpreR": {
      "__uuid__": "ae2a55ca-d698-44fe-90bd-33a15a85a568"
    },
    "_id": "2cQgCjLABN4qkERiB6iT1P"
  },
  {
    "__type__": "cc.Sprite",
    "_name": "",
    "_objFlags": 0,
    "node": {
      "__id__": 14
    },
    "_enabled": true,
    "_materials": [
      {
        "__uuid__": "eca5d2f2-8ef6-41c2-bbe6-f9c79d09c432"
      }
    ],
    "_srcBlendFactor": 770,
    "_dstBlendFactor": 771,
    "_spriteFrame": {
      "__uuid__": "116d7434-d076-4bba-9647-9edacfa9a4a9"
    },
    "_type": 0,
    "_sizeMode": 0,
    "_fillType": 0,
    "_fillCenter": {
      "__type__": "cc.Vec2",
      "x": 0,
      "y": 0
    },
    "_fillStart": 0,
    "_fillRange": 0,
    "_isTrimmedMode": true,
    "_atlas": null,
    "_id": "64OWQMgqhFVa/nU7O22jp3"
  },
  {
    "__type__": "cc.Node",
    "_name": "score",
    "_objFlags": 0,
    "_parent": {
      "__id__": 2
    },
    "_children": [],
    "_active": true,
    "_level": 2,
    "_components": [
      {
        "__id__": 24
      },
      {
        "__id__": 25
      }
    ],
    "_prefab": null,
    "_opacity": 255,
    "_color": {
      "__type__": "cc.Color",
      "r": 255,
      "g": 255,
      "b": 255,
      "a": 255
    },
    "_contentSize": {
      "__type__": "cc.Size",
      "width": 131.17,
      "height": 50.4
    },
    "_anchorPoint": {
      "__type__": "cc.Vec2",
      "x": 0.5,
      "y": 0.5
    },
    "_position": {
      "__type__": "cc.Vec3",
      "x": 0,
      "y": 291.8,
      "z": 0
    },
    "_scale": {
      "__type__": "cc.Vec3",
      "x": 1,
      "y": 1,
      "z": 1
    },
    "_eulerAngles": {
      "__type__": "cc.Vec3",
      "x": 0,
      "y": 0,
      "z": 0
    },
    "_skewX": 0,
    "_skewY": 0,
    "_is3DNode": false,
    "groupIndex": 0,
    "_id": "79TH2JPAVF7acNKfVhppIc"
  },
  {
    "__type__": "cc.Label",
    "_name": "",
    "_objFlags": 0,
    "node": {
      "__id__": 23
    },
    "_enabled": true,
    "_materials": [
      {
        "__uuid__": "eca5d2f2-8ef6-41c2-bbe6-f9c79d09c432"
      }
    ],
    "_useOriginalSize": false,
    "_string": "score:0",
    "_N$string": "score:0",
    "_fontSize": 40,
    "_lineHeight": 40,
    "_enableWrapText": true,
    "_N$file": null,
    "_isSystemFontUsed": true,
    "_spacingX": 0,
    "_batchAsBitmap": false,
    "_N$horizontalAlign": 1,
    "_N$verticalAlign": 1,
    "_N$fontFamily": "Arial",
    "_N$overflow": 0,
    "_N$cacheMode": 0,
    "_id": "61I3H/cSdMnI/eJwjsydpX"
  },
  {
    "__type__": "cc.Widget",
    "_name": "",
    "_objFlags": 0,
    "node": {
      "__id__": 23
    },
    "_enabled": true,
    "alignMode": 1,
    "_target": null,
    "_alignFlags": 17,
    "_left": 0,
    "_right": 0,
    "_top": 16.5,
    "_bottom": 0,
    "_verticalCenter": 0,
    "_horizontalCenter": 0,
    "_isAbsLeft": true,
    "_isAbsRight": true,
    "_isAbsTop": true,
    "_isAbsBottom": true,
    "_isAbsHorizontalCenter": true,
    "_isAbsVerticalCenter": true,
    "_originalWidth": 0,
    "_originalHeight": 0,
    "_id": "cbU6Zqav5B8YwjkTf5ZhWX"
  },
  {
    "__type__": "cc.Node",
    "_name": "index",
    "_objFlags": 0,
    "_parent": {
      "__id__": 2
    },
    "_children": [
      {
        "__id__": 27
      },
      {
        "__id__": 30
      },
      {
        "__id__": 33
      },
      {
        "__id__": 38
      }
    ],
    "_active": true,
    "_level": 2,
    "_components": [
      {
        "__id__": 42
      },
      {
        "__id__": 43
      }
    ],
    "_prefab": null,
    "_opacity": 255,
    "_color": {
      "__type__": "cc.Color",
      "r": 89,
      "g": 182,
      "b": 96,
      "a": 255
    },
    "_contentSize": {
      "__type__": "cc.Size",
      "width": 375,
      "height": 667
    },
    "_anchorPoint": {
      "__type__": "cc.Vec2",
      "x": 0.5,
      "y": 0.5
    },
    "_position": {
      "__type__": "cc.Vec3",
      "x": 0,
      "y": 0,
      "z": 0
    },
    "_scale": {
      "__type__": "cc.Vec3",
      "x": 1,
      "y": 1,
      "z": 1
    },
    "_eulerAngles": {
      "__type__": "cc.Vec3",
      "x": 0,
      "y": 0,
      "z": 0
    },
    "_skewX": 0,
    "_skewY": 0,
    "_is3DNode": false,
    "groupIndex": 0,
    "_id": "40wGFvsXlNDbc4BYwAjDxp"
  },
  {
    "__type__": "cc.Node",
    "_name": "name",
    "_objFlags": 0,
    "_parent": {
      "__id__": 26
    },
    "_children": [],
    "_active": true,
    "_level": 3,
    "_components": [
      {
        "__id__": 28
      },
      {
        "__id__": 29
      }
    ],
    "_prefab": null,
    "_opacity": 255,
    "_color": {
      "__type__": "cc.Color",
      "r": 255,
      "g": 255,
      "b": 255,
      "a": 255
    },
    "_contentSize": {
      "__type__": "cc.Size",
      "width": 160,
      "height": 50.4
    },
    "_anchorPoint": {
      "__type__": "cc.Vec2",
      "x": 0.5,
      "y": 0.5
    },
    "_position": {
      "__type__": "cc.Vec3",
      "x": 0,
      "y": 211.8,
      "z": 0
    },
    "_scale": {
      "__type__": "cc.Vec3",
      "x": 1,
      "y": 1,
      "z": 1
    },
    "_eulerAngles": {
      "__type__": "cc.Vec3",
      "x": 0,
      "y": 0,
      "z": 0
    },
    "_skewX": 0,
    "_skewY": 0,
    "_is3DNode": false,
    "groupIndex": 0,
    "_id": "86SNJjzZNO6qVzc300ZaTK"
  },
  {
    "__type__": "cc.Label",
    "_name": "",
    "_objFlags": 0,
    "node": {
      "__id__": 27
    },
    "_enabled": true,
    "_materials": [
      {
        "__uuid__": "eca5d2f2-8ef6-41c2-bbe6-f9c79d09c432"
      }
    ],
    "_useOriginalSize": false,
    "_string": "比翼双飞",
    "_N$string": "比翼双飞",
    "_fontSize": 40,
    "_lineHeight": 40,
    "_enableWrapText": true,
    "_N$file": null,
    "_isSystemFontUsed": true,
    "_spacingX": 0,
    "_batchAsBitmap": false,
    "_N$horizontalAlign": 1,
    "_N$verticalAlign": 1,
    "_N$fontFamily": "Arial",
    "_N$overflow": 0,
    "_N$cacheMode": 0,
    "_id": "b0+G8XPuNNg5b5Xp+2+328"
  },
  {
    "__type__": "cc.Widget",
    "_name": "",
    "_objFlags": 0,
    "node": {
      "__id__": 27
    },
    "_enabled": true,
    "alignMode": 1,
    "_target": null,
    "_alignFlags": 17,
    "_left": 0,
    "_right": 0,
    "_top": 96.5,
    "_bottom": 0,
    "_verticalCenter": 0,
    "_horizontalCenter": 0,
    "_isAbsLeft": true,
    "_isAbsRight": true,
    "_isAbsTop": true,
    "_isAbsBottom": true,
    "_isAbsHorizontalCenter": true,
    "_isAbsVerticalCenter": true,
    "_originalWidth": 0,
    "_originalHeight": 0,
    "_id": "fbp3Ec9j5E4Zp3RVcmi5Dz"
  },
  {
    "__type__": "cc.Node",
    "_name": "score",
    "_objFlags": 0,
    "_parent": {
      "__id__": 26
    },
    "_children": [],
    "_active": true,
    "_level": 3,
    "_components": [
      {
        "__id__": 31
      },
      {
        "__id__": 32
      }
    ],
    "_prefab": null,
    "_opacity": 255,
    "_color": {
      "__type__": "cc.Color",
      "r": 255,
      "g": 255,
      "b": 255,
      "a": 255
    },
    "_contentSize": {
      "__type__": "cc.Size",
      "width": 113.36,
      "height": 50.4
    },
    "_anchorPoint": {
      "__type__": "cc.Vec2",
      "x": 0.5,
      "y": 0.5
    },
    "_position": {
      "__type__": "cc.Vec3",
      "x": 0,
      "y": 61,
      "z": 0
    },
    "_scale": {
      "__type__": "cc.Vec3",
      "x": 1,
      "y": 1,
      "z": 1
    },
    "_eulerAngles": {
      "__type__": "cc.Vec3",
      "x": 0,
      "y": 0,
      "z": 0
    },
    "_skewX": 0,
    "_skewY": 0,
    "_is3DNode": false,
    "groupIndex": 0,
    "_id": "c7AhUl9XJIAbSKPDUTFZgx"
  },
  {
    "__type__": "cc.Label",
    "_name": "",
    "_objFlags": 0,
    "node": {
      "__id__": 30
    },
    "_enabled": true,
    "_materials": [
      {
        "__uuid__": "eca5d2f2-8ef6-41c2-bbe6-f9c79d09c432"
      }
    ],
    "_useOriginalSize": false,
    "_string": "得分:0",
    "_N$string": "得分:0",
    "_fontSize": 40,
    "_lineHeight": 40,
    "_enableWrapText": true,
    "_N$file": null,
    "_isSystemFontUsed": true,
    "_spacingX": 0,
    "_batchAsBitmap": false,
    "_N$horizontalAlign": 1,
    "_N$verticalAlign": 1,
    "_N$fontFamily": "Arial",
    "_N$overflow": 0,
    "_N$cacheMode": 0,
    "_id": "b6G9MSVnlBtK6Ony68r/EZ"
  },
  {
    "__type__": "cc.Widget",
    "_name": "",
    "_objFlags": 0,
    "node": {
      "__id__": 30
    },
    "_enabled": true,
    "alignMode": 1,
    "_target": null,
    "_alignFlags": 18,
    "_left": 0,
    "_right": 0,
    "_top": 290.5,
    "_bottom": 0,
    "_verticalCenter": 61,
    "_horizontalCenter": 0,
    "_isAbsLeft": true,
    "_isAbsRight": true,
    "_isAbsTop": true,
    "_isAbsBottom": true,
    "_isAbsHorizontalCenter": true,
    "_isAbsVerticalCenter": true,
    "_originalWidth": 0,
    "_originalHeight": 0,
    "_id": "44PxO8LJ1LvYzVZpq8fClq"
  },
  {
    "__type__": "cc.Node",
    "_name": "play",
    "_objFlags": 0,
    "_parent": {
      "__id__": 26
    },
    "_children": [],
    "_active": true,
    "_level": 3,
    "_components": [
      {
        "__id__": 34
      },
      {
        "__id__": 35
      },
      {
        "__id__": 36
      }
    ],
    "_prefab": null,
    "_opacity": 255,
    "_color": {
      "__type__": "cc.Color",
      "r": 255,
      "g": 255,
      "b": 255,
      "a": 255
    },
    "_contentSize": {
      "__type__": "cc.Size",
      "width": 73.38,
      "height": 50.4
    },
    "_anchorPoint": {
      "__type__": "cc.Vec2",
      "x": 0.5,
      "y": 0.5
    },
    "_position": {
      "__type__": "cc.Vec3",
      "x": 0,
      "y": -71.8,
      "z": 0
    },
    "_scale": {
      "__type__": "cc.Vec3",
      "x": 1,
      "y": 1,
      "z": 1
    },
    "_eulerAngles": {
      "__type__": "cc.Vec3",
      "x": 0,
      "y": 0,
      "z": 0
    },
    "_skewX": 0,
    "_skewY": 0,
    "_is3DNode": false,
    "groupIndex": 0,
    "_id": "3dnm+9PFVIU7izJ7LVY7yv"
  },
  {
    "__type__": "cc.Label",
    "_name": "",
    "_objFlags": 0,
    "node": {
      "__id__": 33
    },
    "_enabled": true,
    "_materials": [
      {
        "__uuid__": "eca5d2f2-8ef6-41c2-bbe6-f9c79d09c432"
      }
    ],
    "_useOriginalSize": false,
    "_string": "play",
    "_N$string": "play",
    "_fontSize": 40,
    "_lineHeight": 40,
    "_enableWrapText": true,
    "_N$file": null,
    "_isSystemFontUsed": true,
    "_spacingX": 0,
    "_batchAsBitmap": false,
    "_N$horizontalAlign": 1,
    "_N$verticalAlign": 1,
    "_N$fontFamily": "Arial",
    "_N$overflow": 0,
    "_N$cacheMode": 0,
    "_id": "c5cOE8zK1AXY6+5Ju94zE8"
  },
  {
    "__type__": "cc.Widget",
    "_name": "",
    "_objFlags": 0,
    "node": {
      "__id__": 33
    },
    "_enabled": true,
    "alignMode": 1,
    "_target": null,
    "_alignFlags": 20,
    "_left": 0,
    "_right": 0,
    "_top": 451.5,
    "_bottom": 236.5,
    "_verticalCenter": 0,
    "_horizontalCenter": 0,
    "_isAbsLeft": true,
    "_isAbsRight": true,
    "_isAbsTop": true,
    "_isAbsBottom": true,
    "_isAbsHorizontalCenter": true,
    "_isAbsVerticalCenter": true,
    "_originalWidth": 0,
    "_originalHeight": 40,
    "_id": "00nPKjBQpM051IgvnhIT/W"
  },
  {
    "__type__": "cc.Button",
    "_name": "",
    "_objFlags": 0,
    "node": {
      "__id__": 33
    },
    "_enabled": true,
    "duration": 0.1,
    "zoomScale": 1.2,
    "clickEvents": [
      {
        "__id__": 37
      }
    ],
    "_N$interactable": true,
    "_N$enableAutoGrayEffect": false,
    "_N$transition": 0,
    "transition": 0,
    "_N$normalColor": {
      "__type__": "cc.Color",
      "r": 214,
      "g": 214,
      "b": 214,
      "a": 255
    },
    "_N$pressedColor": {
      "__type__": "cc.Color",
      "r": 211,
      "g": 211,
      "b": 211,
      "a": 255
    },
    "pressedColor": {
      "__type__": "cc.Color",
      "r": 211,
      "g": 211,
      "b": 211,
      "a": 255
    },
    "_N$hoverColor": {
      "__type__": "cc.Color",
      "r": 255,
      "g": 255,
      "b": 255,
      "a": 255
    },
    "hoverColor": {
      "__type__": "cc.Color",
      "r": 255,
      "g": 255,
      "b": 255,
      "a": 255
    },
    "_N$disabledColor": {
      "__type__": "cc.Color",
      "r": 124,
      "g": 124,
      "b": 124,
      "a": 255
    },
    "_N$normalSprite": null,
    "_N$pressedSprite": null,
    "pressedSprite": null,
    "_N$hoverSprite": null,
    "hoverSprite": null,
    "_N$disabledSprite": null,
    "_N$target": null,
    "_id": "b7JE0DWFVFI75u/w9ZEi/L"
  },
  {
    "__type__": "cc.ClickEvent",
    "target": {
      "__id__": 2
    },
    "component": "",
    "_componentId": "65f57bZhO1ESZsGHmmKX+OK",
    "handler": "gameStart",
    "customEventData": ""
  },
  {
    "__type__": "cc.Node",
    "_name": "rank",
    "_objFlags": 0,
    "_parent": {
      "__id__": 26
    },
    "_children": [],
    "_active": true,
    "_level": 3,
    "_components": [
      {
        "__id__": 39
      },
      {
        "__id__": 40
      }
    ],
    "_prefab": null,
    "_opacity": 255,
    "_color": {
      "__type__": "cc.Color",
      "r": 255,
      "g": 255,
      "b": 255,
      "a": 255
    },
    "_contentSize": {
      "__type__": "cc.Size",
      "width": 120,
      "height": 50.4
    },
    "_anchorPoint": {
      "__type__": "cc.Vec2",
      "x": 0.5,
      "y": 0.5
    },
    "_position": {
      "__type__": "cc.Vec3",
      "x": 0,
      "y": -225,
      "z": 0
    },
    "_scale": {
      "__type__": "cc.Vec3",
      "x": 1,
      "y": 1,
      "z": 1
    },
    "_eulerAngles": {
      "__type__": "cc.Vec3",
      "x": 0,
      "y": 0,
      "z": 0
    },
    "_skewX": 0,
    "_skewY": 0,
    "_is3DNode": false,
    "groupIndex": 0,
    "_id": "94/RwsEHxPo6eabmHPz6e2"
  },
  {
    "__type__": "cc.Label",
    "_name": "",
    "_objFlags": 0,
    "node": {
      "__id__": 38
    },
    "_enabled": true,
    "_materials": [
      {
        "__uuid__": "eca5d2f2-8ef6-41c2-bbe6-f9c79d09c432"
      }
    ],
    "_useOriginalSize": false,
    "_string": "排行榜",
    "_N$string": "排行榜",
    "_fontSize": 40,
    "_lineHeight": 40,
    "_enableWrapText": true,
    "_N$file": null,
    "_isSystemFontUsed": true,
    "_spacingX": 0,
    "_batchAsBitmap": false,
    "_N$horizontalAlign": 1,
    "_N$verticalAlign": 1,
    "_N$fontFamily": "Arial",
    "_N$overflow": 0,
    "_N$cacheMode": 0,
    "_id": "4f9q9UX2xLWKMLangOt/Vm"
  },
  {
    "__type__": "cc.Button",
    "_name": "",
    "_objFlags": 0,
    "node": {
      "__id__": 38
    },
    "_enabled": true,
    "duration": 0.1,
    "zoomScale": 1.2,
    "clickEvents": [
      {
        "__id__": 41
      }
    ],
    "_N$interactable": true,
    "_N$enableAutoGrayEffect": false,
    "_N$transition": 0,
    "transition": 0,
    "_N$normalColor": {
      "__type__": "cc.Color",
      "r": 214,
      "g": 214,
      "b": 214,
      "a": 255
    },
    "_N$pressedColor": {
      "__type__": "cc.Color",
      "r": 211,
      "g": 211,
      "b": 211,
      "a": 255
    },
    "pressedColor": {
      "__type__": "cc.Color",
      "r": 211,
      "g": 211,
      "b": 211,
      "a": 255
    },
    "_N$hoverColor": {
      "__type__": "cc.Color",
      "r": 255,
      "g": 255,
      "b": 255,
      "a": 255
    },
    "hoverColor": {
      "__type__": "cc.Color",
      "r": 255,
      "g": 255,
      "b": 255,
      "a": 255
    },
    "_N$disabledColor": {
      "__type__": "cc.Color",
      "r": 124,
      "g": 124,
      "b": 124,
      "a": 255
    },
    "_N$normalSprite": null,
    "_N$pressedSprite": null,
    "pressedSprite": null,
    "_N$hoverSprite": null,
    "hoverSprite": null,
    "_N$disabledSprite": null,
    "_N$target": null,
    "_id": "425wMSeM5MxJZ561KM2X+L"
  },
  {
    "__type__": "cc.ClickEvent",
    "target": {
      "__id__": 2
    },
    "component": "",
    "_componentId": "65f57bZhO1ESZsGHmmKX+OK",
    "handler": "openRank",
    "customEventData": ""
  },
  {
    "__type__": "cc.Sprite",
    "_name": "",
    "_objFlags": 0,
    "node": {
      "__id__": 26
    },
    "_enabled": true,
    "_materials": [
      {
        "__uuid__": "eca5d2f2-8ef6-41c2-bbe6-f9c79d09c432"
      }
    ],
    "_srcBlendFactor": 770,
    "_dstBlendFactor": 771,
    "_spriteFrame": {
      "__uuid__": "116d7434-d076-4bba-9647-9edacfa9a4a9"
    },
    "_type": 0,
    "_sizeMode": 1,
    "_fillType": 0,
    "_fillCenter": {
      "__type__": "cc.Vec2",
      "x": 0,
      "y": 0
    },
    "_fillStart": 0,
    "_fillRange": 0,
    "_isTrimmedMode": true,
    "_atlas": null,
    "_id": "50TonLQS9LVJjVhlabmZur"
  },
  {
    "__type__": "cc.Widget",
    "_name": "",
    "_objFlags": 0,
    "node": {
      "__id__": 26
    },
    "_enabled": true,
    "alignMode": 1,
    "_target": null,
    "_alignFlags": 45,
    "_left": 0,
    "_right": 0,
    "_top": 0,
    "_bottom": 0,
    "_verticalCenter": 0,
    "_horizontalCenter": 0,
    "_isAbsLeft": true,
    "_isAbsRight": true,
    "_isAbsTop": true,
    "_isAbsBottom": true,
    "_isAbsHorizontalCenter": true,
    "_isAbsVerticalCenter": true,
    "_originalWidth": 375,
    "_originalHeight": 667,
    "_id": "e6axzRULxBV7P1twfEw/rt"
  },
  {
    "__type__": "cc.Node",
    "_name": "WebView",
    "_objFlags": 0,
    "_parent": {
      "__id__": 2
    },
    "_children": [],
    "_active": false,
    "_level": 2,
    "_components": [
      {
        "__id__": 45
      },
      {
        "__id__": 46
      }
    ],
    "_prefab": null,
    "_opacity": 255,
    "_color": {
      "__type__": "cc.Color",
      "r": 255,
      "g": 255,
      "b": 255,
      "a": 255
    },
    "_contentSize": {
      "__type__": "cc.Size",
      "width": 375,
      "height": 667
    },
    "_anchorPoint": {
      "__type__": "cc.Vec2",
      "x": 0.5,
      "y": 0.5
    },
    "_position": {
      "__type__": "cc.Vec3",
      "x": 0,
      "y": 0,
      "z": 0
    },
    "_scale": {
      "__type__": "cc.Vec3",
      "x": 1,
      "y": 1,
      "z": 1
    },
    "_eulerAngles": {
      "__type__": "cc.Vec3",
      "x": 0,
      "y": 0,
      "z": 0
    },
    "_skewX": 0,
    "_skewY": 0,
    "_is3DNode": false,
    "groupIndex": 0,
    "_id": "53O0H4hCxKW6Ap5Dp52928"
  },
  {
    "__type__": "cc.WebView",
    "_name": "",
    "_objFlags": 0,
    "node": {
      "__id__": 44
    },
    "_enabled": true,
    "_useOriginalSize": false,
    "_url": "https://dev.imapi.zhenmanapp.com/static/html/ivcode.html?code=#/",
    "webviewEvents": [],
    "_id": "78rZcYz8JPOb4jZOzc/wsL"
  },
  {
    "__type__": "cc.Widget",
    "_name": "",
    "_objFlags": 0,
    "node": {
      "__id__": 44
    },
    "_enabled": true,
    "alignMode": 1,
    "_target": null,
    "_alignFlags": 45,
    "_left": 0,
    "_right": 0,
    "_top": 0,
    "_bottom": 0,
    "_verticalCenter": 0,
    "_horizontalCenter": 0,
    "_isAbsLeft": true,
    "_isAbsRight": true,
    "_isAbsTop": true,
    "_isAbsBottom": true,
    "_isAbsHorizontalCenter": true,
    "_isAbsVerticalCenter": true,
    "_originalWidth": 300,
    "_originalHeight": 200,
    "_id": "5dgEQWQbZPOZwFhnL84jX5"
  },
  {
    "__type__": "cc.Node",
    "_name": "countDown",
    "_objFlags": 0,
    "_parent": {
      "__id__": 2
    },
    "_children": [
      {
        "__id__": 48
      },
      {
        "__id__": 51
      },
      {
        "__id__": 53
      },
      {
        "__id__": 58
      }
    ],
    "_active": false,
    "_level": 2,
    "_components": [
      {
        "__id__": 63
      }
    ],
    "_prefab": null,
    "_opacity": 255,
    "_color": {
      "__type__": "cc.Color",
      "r": 255,
      "g": 255,
      "b": 255,
      "a": 255
    },
    "_contentSize": {
      "__type__": "cc.Size",
      "width": 300,
      "height": 250
    },
    "_anchorPoint": {
      "__type__": "cc.Vec2",
      "x": 0.5,
      "y": 0.5
    },
    "_position": {
      "__type__": "cc.Vec3",
      "x": 0,
      "y": 0,
      "z": 0
    },
    "_scale": {
      "__type__": "cc.Vec3",
      "x": 1,
      "y": 1,
      "z": 1
    },
    "_eulerAngles": {
      "__type__": "cc.Vec3",
      "x": 0,
      "y": 0,
      "z": 0
    },
    "_skewX": 0,
    "_skewY": 0,
    "_is3DNode": false,
    "groupIndex": 0,
    "_id": "5bsCDQqm1Pv6//0iguH/iB"
  },
  {
    "__type__": "cc.Node",
    "_name": "hint",
    "_objFlags": 0,
    "_parent": {
      "__id__": 47
    },
    "_children": [],
    "_active": true,
    "_level": 3,
    "_components": [
      {
        "__id__": 49
      },
      {
        "__id__": 50
      }
    ],
    "_prefab": null,
    "_opacity": 255,
    "_color": {
      "__type__": "cc.Color",
      "r": 0,
      "g": 0,
      "b": 0,
      "a": 255
    },
    "_contentSize": {
      "__type__": "cc.Size",
      "width": 280,
      "height": 40
    },
    "_anchorPoint": {
      "__type__": "cc.Vec2",
      "x": 0.5,
      "y": 0.5
    },
    "_position": {
      "__type__": "cc.Vec3",
      "x": 0,
      "y": 75,
      "z": 0
    },
    "_scale": {
      "__type__": "cc.Vec3",
      "x": 1,
      "y": 1,
      "z": 1
    },
    "_eulerAngles": {
      "__type__": "cc.Vec3",
      "x": 0,
      "y": 0,
      "z": 0
    },
    "_skewX": 0,
    "_skewY": 0,
    "_is3DNode": false,
    "groupIndex": 0,
    "_id": "86mJmUiWBHXLV7RtgaLird"
  },
  {
    "__type__": "cc.Label",
    "_name": "",
    "_objFlags": 0,
    "node": {
      "__id__": 48
    },
    "_enabled": true,
    "_materials": [],
    "_useOriginalSize": false,
    "_string": "是否消耗三个茄子续命？",
    "_N$string": "是否消耗三个茄子续命？",
    "_fontSize": 40,
    "_lineHeight": 40,
    "_enableWrapText": true,
    "_N$file": null,
    "_isSystemFontUsed": true,
    "_spacingX": 0,
    "_batchAsBitmap": false,
    "_N$horizontalAlign": 1,
    "_N$verticalAlign": 1,
    "_N$fontFamily": "Arial",
    "_N$overflow": 2,
    "_N$cacheMode": 0,
    "_id": "8c5RUryXBMIax8Y8bFFe6V"
  },
  {
    "__type__": "cc.Widget",
    "_name": "",
    "_objFlags": 0,
    "node": {
      "__id__": 48
    },
    "_enabled": true,
    "alignMode": 1,
    "_target": null,
    "_alignFlags": 40,
    "_left": 10,
    "_right": 10,
    "_top": 0,
    "_bottom": 0,
    "_verticalCenter": 0,
    "_horizontalCenter": 0,
    "_isAbsLeft": true,
    "_isAbsRight": true,
    "_isAbsTop": true,
    "_isAbsBottom": true,
    "_isAbsHorizontalCenter": true,
    "_isAbsVerticalCenter": true,
    "_originalWidth": 440,
    "_originalHeight": 0,
    "_id": "47p/Iq2JhPiJfyVTj4wOWu"
  },
  {
    "__type__": "cc.Node",
    "_name": "time",
    "_objFlags": 0,
    "_parent": {
      "__id__": 47
    },
    "_children": [],
    "_active": true,
    "_level": 3,
    "_components": [
      {
        "__id__": 52
      }
    ],
    "_prefab": null,
    "_opacity": 255,
    "_color": {
      "__type__": "cc.Color",
      "r": 0,
      "g": 0,
      "b": 0,
      "a": 255
    },
    "_contentSize": {
      "__type__": "cc.Size",
      "width": 22.25,
      "height": 40
    },
    "_anchorPoint": {
      "__type__": "cc.Vec2",
      "x": 0.5,
      "y": 0.5
    },
    "_position": {
      "__type__": "cc.Vec3",
      "x": 0,
      "y": 0,
      "z": 0
    },
    "_scale": {
      "__type__": "cc.Vec3",
      "x": 1,
      "y": 1,
      "z": 1
    },
    "_eulerAngles": {
      "__type__": "cc.Vec3",
      "x": 0,
      "y": 0,
      "z": 0
    },
    "_skewX": 0,
    "_skewY": 0,
    "_is3DNode": false,
    "groupIndex": 0,
    "_id": "60OaCT0IZNwoL1MI6AesRe"
  },
  {
    "__type__": "cc.Label",
    "_name": "",
    "_objFlags": 0,
    "node": {
      "__id__": 51
    },
    "_enabled": true,
    "_materials": [],
    "_useOriginalSize": false,
    "_string": "5",
    "_N$string": "5",
    "_fontSize": 40,
    "_lineHeight": 40,
    "_enableWrapText": true,
    "_N$file": null,
    "_isSystemFontUsed": true,
    "_spacingX": 0,
    "_batchAsBitmap": false,
    "_N$horizontalAlign": 1,
    "_N$verticalAlign": 1,
    "_N$fontFamily": "Arial",
    "_N$overflow": 0,
    "_N$cacheMode": 0,
    "_id": "faYiyIjgxJtqs6aQ5sZNs6"
  },
  {
    "__type__": "cc.Node",
    "_name": "yes",
    "_objFlags": 0,
    "_parent": {
      "__id__": 47
    },
    "_children": [],
    "_active": true,
    "_level": 3,
    "_components": [
      {
        "__id__": 54
      },
      {
        "__id__": 55
      },
      {
        "__id__": 56
      }
    ],
    "_prefab": null,
    "_opacity": 255,
    "_color": {
      "__type__": "cc.Color",
      "r": 255,
      "g": 29,
      "b": 29,
      "a": 255
    },
    "_contentSize": {
      "__type__": "cc.Size",
      "width": 62.25,
      "height": 40
    },
    "_anchorPoint": {
      "__type__": "cc.Vec2",
      "x": 0.5,
      "y": 0.5
    },
    "_position": {
      "__type__": "cc.Vec3",
      "x": -98.875,
      "y": -75,
      "z": 0
    },
    "_scale": {
      "__type__": "cc.Vec3",
      "x": 1,
      "y": 1,
      "z": 1
    },
    "_eulerAngles": {
      "__type__": "cc.Vec3",
      "x": 0,
      "y": 0,
      "z": 0
    },
    "_skewX": 0,
    "_skewY": 0,
    "_is3DNode": false,
    "groupIndex": 0,
    "_id": "cdOXgo7jVDMLa++O7MWGX7"
  },
  {
    "__type__": "cc.Label",
    "_name": "",
    "_objFlags": 0,
    "node": {
      "__id__": 53
    },
    "_enabled": true,
    "_materials": [],
    "_useOriginalSize": false,
    "_string": "yes",
    "_N$string": "yes",
    "_fontSize": 40,
    "_lineHeight": 40,
    "_enableWrapText": true,
    "_N$file": null,
    "_isSystemFontUsed": true,
    "_spacingX": 0,
    "_batchAsBitmap": false,
    "_N$horizontalAlign": 1,
    "_N$verticalAlign": 1,
    "_N$fontFamily": "Arial",
    "_N$overflow": 0,
    "_N$cacheMode": 0,
    "_id": "68heIgTfdLx7l326PQlOvX"
  },
  {
    "__type__": "cc.Widget",
    "_name": "",
    "_objFlags": 0,
    "node": {
      "__id__": 53
    },
    "_enabled": true,
    "alignMode": 1,
    "_target": null,
    "_alignFlags": 12,
    "_left": 20,
    "_right": 0,
    "_top": 0,
    "_bottom": 30,
    "_verticalCenter": 0,
    "_horizontalCenter": 0,
    "_isAbsLeft": true,
    "_isAbsRight": true,
    "_isAbsTop": true,
    "_isAbsBottom": true,
    "_isAbsHorizontalCenter": true,
    "_isAbsVerticalCenter": true,
    "_originalWidth": 0,
    "_originalHeight": 0,
    "_id": "315iCC+ZNOHK3qejrGxhZ1"
  },
  {
    "__type__": "cc.Button",
    "_name": "",
    "_objFlags": 0,
    "node": {
      "__id__": 53
    },
    "_enabled": true,
    "duration": 0.1,
    "zoomScale": 1.2,
    "clickEvents": [
      {
        "__id__": 57
      }
    ],
    "_N$interactable": true,
    "_N$enableAutoGrayEffect": false,
    "_N$transition": 0,
    "transition": 0,
    "_N$normalColor": {
      "__type__": "cc.Color",
      "r": 214,
      "g": 214,
      "b": 214,
      "a": 255
    },
    "_N$pressedColor": {
      "__type__": "cc.Color",
      "r": 211,
      "g": 211,
      "b": 211,
      "a": 255
    },
    "pressedColor": {
      "__type__": "cc.Color",
      "r": 211,
      "g": 211,
      "b": 211,
      "a": 255
    },
    "_N$hoverColor": {
      "__type__": "cc.Color",
      "r": 255,
      "g": 255,
      "b": 255,
      "a": 255
    },
    "hoverColor": {
      "__type__": "cc.Color",
      "r": 255,
      "g": 255,
      "b": 255,
      "a": 255
    },
    "_N$disabledColor": {
      "__type__": "cc.Color",
      "r": 124,
      "g": 124,
      "b": 124,
      "a": 255
    },
    "_N$normalSprite": null,
    "_N$pressedSprite": null,
    "pressedSprite": null,
    "_N$hoverSprite": null,
    "hoverSprite": null,
    "_N$disabledSprite": null,
    "_N$target": null,
    "_id": "cecJWEPixPwqm5Fo7AAmQ3"
  },
  {
    "__type__": "cc.ClickEvent",
    "target": {
      "__id__": 2
    },
    "component": "",
    "_componentId": "65f57bZhO1ESZsGHmmKX+OK",
    "handler": "keepOn",
    "customEventData": ""
  },
  {
    "__type__": "cc.Node",
    "_name": "no",
    "_objFlags": 0,
    "_parent": {
      "__id__": 47
    },
    "_children": [],
    "_active": true,
    "_level": 3,
    "_components": [
      {
        "__id__": 59
      },
      {
        "__id__": 60
      },
      {
        "__id__": 61
      }
    ],
    "_prefab": null,
    "_opacity": 255,
    "_color": {
      "__type__": "cc.Color",
      "r": 0,
      "g": 0,
      "b": 0,
      "a": 255
    },
    "_contentSize": {
      "__type__": "cc.Size",
      "width": 44.49,
      "height": 40
    },
    "_anchorPoint": {
      "__type__": "cc.Vec2",
      "x": 0.5,
      "y": 0.5
    },
    "_position": {
      "__type__": "cc.Vec3",
      "x": 107.755,
      "y": -75,
      "z": 0
    },
    "_scale": {
      "__type__": "cc.Vec3",
      "x": 1,
      "y": 1,
      "z": 1
    },
    "_eulerAngles": {
      "__type__": "cc.Vec3",
      "x": 0,
      "y": 0,
      "z": 0
    },
    "_skewX": 0,
    "_skewY": 0,
    "_is3DNode": false,
    "groupIndex": 0,
    "_id": "abOV6enbxHcb24s1zvRt/5"
  },
  {
    "__type__": "cc.Label",
    "_name": "",
    "_objFlags": 0,
    "node": {
      "__id__": 58
    },
    "_enabled": true,
    "_materials": [],
    "_useOriginalSize": false,
    "_string": "no",
    "_N$string": "no",
    "_fontSize": 40,
    "_lineHeight": 40,
    "_enableWrapText": true,
    "_N$file": null,
    "_isSystemFontUsed": true,
    "_spacingX": 0,
    "_batchAsBitmap": false,
    "_N$horizontalAlign": 1,
    "_N$verticalAlign": 1,
    "_N$fontFamily": "Arial",
    "_N$overflow": 0,
    "_N$cacheMode": 0,
    "_id": "c9Bi71dFBEb4TTkuGJmsex"
  },
  {
    "__type__": "cc.Widget",
    "_name": "",
    "_objFlags": 0,
    "node": {
      "__id__": 58
    },
    "_enabled": true,
    "alignMode": 1,
    "_target": null,
    "_alignFlags": 36,
    "_left": 28.88,
    "_right": 20,
    "_top": 0,
    "_bottom": 30,
    "_verticalCenter": 0,
    "_horizontalCenter": 0,
    "_isAbsLeft": true,
    "_isAbsRight": true,
    "_isAbsTop": true,
    "_isAbsBottom": true,
    "_isAbsHorizontalCenter": true,
    "_isAbsVerticalCenter": true,
    "_originalWidth": 0,
    "_originalHeight": 0,
    "_id": "ceoMCVUlZDO6x5UUVUSmx5"
  },
  {
    "__type__": "cc.Button",
    "_name": "",
    "_objFlags": 0,
    "node": {
      "__id__": 58
    },
    "_enabled": true,
    "duration": 0.1,
    "zoomScale": 1.2,
    "clickEvents": [
      {
        "__id__": 62
      }
    ],
    "_N$interactable": true,
    "_N$enableAutoGrayEffect": false,
    "_N$transition": 0,
    "transition": 0,
    "_N$normalColor": {
      "__type__": "cc.Color",
      "r": 214,
      "g": 214,
      "b": 214,
      "a": 255
    },
    "_N$pressedColor": {
      "__type__": "cc.Color",
      "r": 211,
      "g": 211,
      "b": 211,
      "a": 255
    },
    "pressedColor": {
      "__type__": "cc.Color",
      "r": 211,
      "g": 211,
      "b": 211,
      "a": 255
    },
    "_N$hoverColor": {
      "__type__": "cc.Color",
      "r": 255,
      "g": 255,
      "b": 255,
      "a": 255
    },
    "hoverColor": {
      "__type__": "cc.Color",
      "r": 255,
      "g": 255,
      "b": 255,
      "a": 255
    },
    "_N$disabledColor": {
      "__type__": "cc.Color",
      "r": 124,
      "g": 124,
      "b": 124,
      "a": 255
    },
    "_N$normalSprite": null,
    "_N$pressedSprite": null,
    "pressedSprite": null,
    "_N$hoverSprite": null,
    "hoverSprite": null,
    "_N$disabledSprite": null,
    "_N$target": null,
    "_id": "c9EmYaMINGBoL8GSwCZUrG"
  },
  {
    "__type__": "cc.ClickEvent",
    "target": {
      "__id__": 2
    },
    "component": "",
    "_componentId": "65f57bZhO1ESZsGHmmKX+OK",
    "handler": "gameover",
    "customEventData": ""
  },
  {
    "__type__": "cc.Sprite",
    "_name": "",
    "_objFlags": 0,
    "node": {
      "__id__": 47
    },
    "_enabled": true,
    "_materials": [],
    "_srcBlendFactor": 770,
    "_dstBlendFactor": 771,
    "_spriteFrame": {
      "__uuid__": "116d7434-d076-4bba-9647-9edacfa9a4a9"
    },
    "_type": 0,
    "_sizeMode": 0,
    "_fillType": 0,
    "_fillCenter": {
      "__type__": "cc.Vec2",
      "x": 0,
      "y": 0
    },
    "_fillStart": 0,
    "_fillRange": 0,
    "_isTrimmedMode": true,
    "_atlas": null,
    "_id": "26azwjGRZI+q29LXwv/Xgc"
  },
  {
    "__type__": "cc.Node",
    "_name": "pop",
    "_objFlags": 0,
    "_parent": {
      "__id__": 2
    },
    "_children": [
      {
        "__id__": 65
      },
      {
        "__id__": 68
      },
      {
        "__id__": 73
      }
    ],
    "_active": false,
    "_level": 2,
    "_components": [
      {
        "__id__": 78
      }
    ],
    "_prefab": null,
    "_opacity": 255,
    "_color": {
      "__type__": "cc.Color",
      "r": 255,
      "g": 255,
      "b": 255,
      "a": 255
    },
    "_contentSize": {
      "__type__": "cc.Size",
      "width": 300,
      "height": 250
    },
    "_anchorPoint": {
      "__type__": "cc.Vec2",
      "x": 0.5,
      "y": 0.5
    },
    "_position": {
      "__type__": "cc.Vec3",
      "x": 0,
      "y": 0,
      "z": 0
    },
    "_scale": {
      "__type__": "cc.Vec3",
      "x": 1,
      "y": 1,
      "z": 1
    },
    "_eulerAngles": {
      "__type__": "cc.Vec3",
      "x": 0,
      "y": 0,
      "z": 0
    },
    "_skewX": 0,
    "_skewY": 0,
    "_is3DNode": false,
    "groupIndex": 0,
    "_id": "86AEDpFXBGQZO+wu1HQ0qf"
  },
  {
    "__type__": "cc.Node",
    "_name": "hint",
    "_objFlags": 0,
    "_parent": {
      "__id__": 64
    },
    "_children": [],
    "_active": true,
    "_level": 3,
    "_components": [
      {
        "__id__": 66
      },
      {
        "__id__": 67
      }
    ],
    "_prefab": null,
    "_opacity": 255,
    "_color": {
      "__type__": "cc.Color",
      "r": 0,
      "g": 0,
      "b": 0,
      "a": 255
    },
    "_contentSize": {
      "__type__": "cc.Size",
      "width": 280,
      "height": 80
    },
    "_anchorPoint": {
      "__type__": "cc.Vec2",
      "x": 0.5,
      "y": 0.5
    },
    "_position": {
      "__type__": "cc.Vec3",
      "x": 0,
      "y": 42,
      "z": 0
    },
    "_scale": {
      "__type__": "cc.Vec3",
      "x": 1,
      "y": 1,
      "z": 1
    },
    "_eulerAngles": {
      "__type__": "cc.Vec3",
      "x": 0,
      "y": 0,
      "z": 0
    },
    "_skewX": 0,
    "_skewY": 0,
    "_is3DNode": false,
    "groupIndex": 0,
    "_id": "5ckKAFKBtJXJFZ2e81ynnD"
  },
  {
    "__type__": "cc.Label",
    "_name": "",
    "_objFlags": 0,
    "node": {
      "__id__": 65
    },
    "_enabled": true,
    "_materials": [],
    "_useOriginalSize": false,
    "_string": "分享好友可以获得茄子，是否分享",
    "_N$string": "分享好友可以获得茄子，是否分享",
    "_fontSize": 40,
    "_lineHeight": 40,
    "_enableWrapText": true,
    "_N$file": null,
    "_isSystemFontUsed": true,
    "_spacingX": 0,
    "_batchAsBitmap": false,
    "_N$horizontalAlign": 1,
    "_N$verticalAlign": 1,
    "_N$fontFamily": "Arial",
    "_N$overflow": 2,
    "_N$cacheMode": 0,
    "_id": "6e0nPRLEpFs6Gu+64NhDbf"
  },
  {
    "__type__": "cc.Widget",
    "_name": "",
    "_objFlags": 0,
    "node": {
      "__id__": 65
    },
    "_enabled": true,
    "alignMode": 1,
    "_target": null,
    "_alignFlags": 40,
    "_left": 10,
    "_right": 10,
    "_top": 0,
    "_bottom": 0,
    "_verticalCenter": 0,
    "_horizontalCenter": 0,
    "_isAbsLeft": true,
    "_isAbsRight": true,
    "_isAbsTop": true,
    "_isAbsBottom": true,
    "_isAbsHorizontalCenter": true,
    "_isAbsVerticalCenter": true,
    "_originalWidth": 440,
    "_originalHeight": 0,
    "_id": "783I9WzGpKEb2Xk29tZWTm"
  },
  {
    "__type__": "cc.Node",
    "_name": "no",
    "_objFlags": 0,
    "_parent": {
      "__id__": 64
    },
    "_children": [],
    "_active": true,
    "_level": 3,
    "_components": [
      {
        "__id__": 69
      },
      {
        "__id__": 70
      },
      {
        "__id__": 71
      }
    ],
    "_prefab": null,
    "_opacity": 255,
    "_color": {
      "__type__": "cc.Color",
      "r": 0,
      "g": 0,
      "b": 0,
      "a": 255
    },
    "_contentSize": {
      "__type__": "cc.Size",
      "width": 44.49,
      "height": 40
    },
    "_anchorPoint": {
      "__type__": "cc.Vec2",
      "x": 0.5,
      "y": 0.5
    },
    "_position": {
      "__type__": "cc.Vec3",
      "x": 97.755,
      "y": -72,
      "z": 0
    },
    "_scale": {
      "__type__": "cc.Vec3",
      "x": 1,
      "y": 1,
      "z": 1
    },
    "_eulerAngles": {
      "__type__": "cc.Vec3",
      "x": 0,
      "y": 0,
      "z": 0
    },
    "_skewX": 0,
    "_skewY": 0,
    "_is3DNode": false,
    "groupIndex": 0,
    "_id": "efo2RinDxDtK0sErtZ4RQX"
  },
  {
    "__type__": "cc.Label",
    "_name": "",
    "_objFlags": 0,
    "node": {
      "__id__": 68
    },
    "_enabled": true,
    "_materials": [],
    "_useOriginalSize": false,
    "_string": "no",
    "_N$string": "no",
    "_fontSize": 40,
    "_lineHeight": 40,
    "_enableWrapText": true,
    "_N$file": null,
    "_isSystemFontUsed": true,
    "_spacingX": 0,
    "_batchAsBitmap": false,
    "_N$horizontalAlign": 1,
    "_N$verticalAlign": 1,
    "_N$fontFamily": "Arial",
    "_N$overflow": 0,
    "_N$cacheMode": 0,
    "_id": "8akPvo/xNF0pZunitGNr0p"
  },
  {
    "__type__": "cc.Widget",
    "_name": "",
    "_objFlags": 0,
    "node": {
      "__id__": 68
    },
    "_enabled": true,
    "alignMode": 1,
    "_target": null,
    "_alignFlags": 36,
    "_left": 28.88,
    "_right": 30,
    "_top": 0,
    "_bottom": 33,
    "_verticalCenter": 0,
    "_horizontalCenter": 0,
    "_isAbsLeft": true,
    "_isAbsRight": true,
    "_isAbsTop": true,
    "_isAbsBottom": true,
    "_isAbsHorizontalCenter": true,
    "_isAbsVerticalCenter": true,
    "_originalWidth": 0,
    "_originalHeight": 0,
    "_id": "ae6/cNWu9NNp8eIoQJTT3+"
  },
  {
    "__type__": "cc.Button",
    "_name": "",
    "_objFlags": 0,
    "node": {
      "__id__": 68
    },
    "_enabled": true,
    "duration": 0.1,
    "zoomScale": 1.2,
    "clickEvents": [
      {
        "__id__": 72
      }
    ],
    "_N$interactable": true,
    "_N$enableAutoGrayEffect": false,
    "_N$transition": 0,
    "transition": 0,
    "_N$normalColor": {
      "__type__": "cc.Color",
      "r": 214,
      "g": 214,
      "b": 214,
      "a": 255
    },
    "_N$pressedColor": {
      "__type__": "cc.Color",
      "r": 211,
      "g": 211,
      "b": 211,
      "a": 255
    },
    "pressedColor": {
      "__type__": "cc.Color",
      "r": 211,
      "g": 211,
      "b": 211,
      "a": 255
    },
    "_N$hoverColor": {
      "__type__": "cc.Color",
      "r": 255,
      "g": 255,
      "b": 255,
      "a": 255
    },
    "hoverColor": {
      "__type__": "cc.Color",
      "r": 255,
      "g": 255,
      "b": 255,
      "a": 255
    },
    "_N$disabledColor": {
      "__type__": "cc.Color",
      "r": 124,
      "g": 124,
      "b": 124,
      "a": 255
    },
    "_N$normalSprite": null,
    "_N$pressedSprite": null,
    "pressedSprite": null,
    "_N$hoverSprite": null,
    "hoverSprite": null,
    "_N$disabledSprite": null,
    "_N$target": null,
    "_id": "37nwDghTZCYYDC/mBKYALD"
  },
  {
    "__type__": "cc.ClickEvent",
    "target": {
      "__id__": 2
    },
    "component": "",
    "_componentId": "65f57bZhO1ESZsGHmmKX+OK",
    "handler": "gameover",
    "customEventData": ""
  },
  {
    "__type__": "cc.Node",
    "_name": "yes",
    "_objFlags": 0,
    "_parent": {
      "__id__": 64
    },
    "_children": [],
    "_active": true,
    "_level": 3,
    "_components": [
      {
        "__id__": 74
      },
      {
        "__id__": 75
      },
      {
        "__id__": 76
      }
    ],
    "_prefab": null,
    "_opacity": 255,
    "_color": {
      "__type__": "cc.Color",
      "r": 0,
      "g": 0,
      "b": 0,
      "a": 255
    },
    "_contentSize": {
      "__type__": "cc.Size",
      "width": 62.25,
      "height": 40
    },
    "_anchorPoint": {
      "__type__": "cc.Vec2",
      "x": 0.5,
      "y": 0.5
    },
    "_position": {
      "__type__": "cc.Vec3",
      "x": -88.875,
      "y": -72,
      "z": 0
    },
    "_scale": {
      "__type__": "cc.Vec3",
      "x": 1,
      "y": 1,
      "z": 1
    },
    "_eulerAngles": {
      "__type__": "cc.Vec3",
      "x": 0,
      "y": 0,
      "z": 0
    },
    "_skewX": 0,
    "_skewY": 0,
    "_is3DNode": false,
    "groupIndex": 0,
    "_id": "b772u+Il9P9alZzptC/9yq"
  },
  {
    "__type__": "cc.Label",
    "_name": "",
    "_objFlags": 0,
    "node": {
      "__id__": 73
    },
    "_enabled": true,
    "_materials": [],
    "_useOriginalSize": false,
    "_string": "yes",
    "_N$string": "yes",
    "_fontSize": 40,
    "_lineHeight": 40,
    "_enableWrapText": true,
    "_N$file": null,
    "_isSystemFontUsed": true,
    "_spacingX": 0,
    "_batchAsBitmap": false,
    "_N$horizontalAlign": 1,
    "_N$verticalAlign": 1,
    "_N$fontFamily": "Arial",
    "_N$overflow": 0,
    "_N$cacheMode": 0,
    "_id": "362QiB/dJCmo4Tj1S1OXNm"
  },
  {
    "__type__": "cc.Widget",
    "_name": "",
    "_objFlags": 0,
    "node": {
      "__id__": 73
    },
    "_enabled": true,
    "alignMode": 1,
    "_target": null,
    "_alignFlags": 12,
    "_left": 30,
    "_right": 0,
    "_top": 0,
    "_bottom": 33,
    "_verticalCenter": 0,
    "_horizontalCenter": 0,
    "_isAbsLeft": true,
    "_isAbsRight": true,
    "_isAbsTop": true,
    "_isAbsBottom": true,
    "_isAbsHorizontalCenter": true,
    "_isAbsVerticalCenter": true,
    "_originalWidth": 0,
    "_originalHeight": 0,
    "_id": "5d6vjEw+NBHah8AwosvgAS"
  },
  {
    "__type__": "cc.Button",
    "_name": "",
    "_objFlags": 0,
    "node": {
      "__id__": 73
    },
    "_enabled": true,
    "duration": 0.1,
    "zoomScale": 1.2,
    "clickEvents": [
      {
        "__id__": 77
      }
    ],
    "_N$interactable": true,
    "_N$enableAutoGrayEffect": false,
    "_N$transition": 0,
    "transition": 0,
    "_N$normalColor": {
      "__type__": "cc.Color",
      "r": 214,
      "g": 214,
      "b": 214,
      "a": 255
    },
    "_N$pressedColor": {
      "__type__": "cc.Color",
      "r": 211,
      "g": 211,
      "b": 211,
      "a": 255
    },
    "pressedColor": {
      "__type__": "cc.Color",
      "r": 211,
      "g": 211,
      "b": 211,
      "a": 255
    },
    "_N$hoverColor": {
      "__type__": "cc.Color",
      "r": 255,
      "g": 255,
      "b": 255,
      "a": 255
    },
    "hoverColor": {
      "__type__": "cc.Color",
      "r": 255,
      "g": 255,
      "b": 255,
      "a": 255
    },
    "_N$disabledColor": {
      "__type__": "cc.Color",
      "r": 124,
      "g": 124,
      "b": 124,
      "a": 255
    },
    "_N$normalSprite": null,
    "_N$pressedSprite": null,
    "pressedSprite": null,
    "_N$hoverSprite": null,
    "hoverSprite": null,
    "_N$disabledSprite": null,
    "_N$target": null,
    "_id": "8cL1IPCLZOSJKlUeobzVUV"
  },
  {
    "__type__": "cc.ClickEvent",
    "target": {
      "__id__": 2
    },
    "component": "",
    "_componentId": "65f57bZhO1ESZsGHmmKX+OK",
    "handler": "showShareAlert",
    "customEventData": ""
  },
  {
    "__type__": "cc.Sprite",
    "_name": "",
    "_objFlags": 0,
    "node": {
      "__id__": 64
    },
    "_enabled": true,
    "_materials": [],
    "_srcBlendFactor": 770,
    "_dstBlendFactor": 771,
    "_spriteFrame": {
      "__uuid__": "116d7434-d076-4bba-9647-9edacfa9a4a9"
    },
    "_type": 0,
    "_sizeMode": 0,
    "_fillType": 0,
    "_fillCenter": {
      "__type__": "cc.Vec2",
      "x": 0,
      "y": 0
    },
    "_fillStart": 0,
    "_fillRange": 0,
    "_isTrimmedMode": true,
    "_atlas": null,
    "_id": "3cKidviiFAOpecLaHpZI+J"
  },
  {
    "__type__": "cc.Canvas",
    "_name": "",
    "_objFlags": 0,
    "node": {
      "__id__": 2
    },
    "_enabled": true,
    "_designResolution": {
      "__type__": "cc.Size",
      "width": 375,
      "height": 667
    },
    "_fitWidth": true,
    "_fitHeight": false,
    "_id": "e0IpdSHg5GSJ6iCxGqRr2m"
  },
  {
    "__type__": "65f57bZhO1ESZsGHmmKX+OK",
    "_name": "",
    "_objFlags": 0,
    "node": {
      "__id__": 2
    },
    "_enabled": true,
    "ranking": {
      "__uuid__": "9c63dbc4-f160-49c7-a25b-0f1bea92347d"
    },
    "_id": "9dKt/rYNRCopcpoWLUld9U"
  },
  {
    "__type__": "cc.Sprite",
    "_name": "",
    "_objFlags": 0,
    "node": {
      "__id__": 2
    },
    "_enabled": true,
    "_materials": [
      {
        "__uuid__": "eca5d2f2-8ef6-41c2-bbe6-f9c79d09c432"
      }
    ],
    "_srcBlendFactor": 770,
    "_dstBlendFactor": 771,
    "_spriteFrame": {
      "__uuid__": "116d7434-d076-4bba-9647-9edacfa9a4a9"
    },
    "_type": 0,
    "_sizeMode": 1,
    "_fillType": 0,
    "_fillCenter": {
      "__type__": "cc.Vec2",
      "x": 0,
      "y": 0
    },
    "_fillStart": 0,
    "_fillRange": 0,
    "_isTrimmedMode": true,
    "_atlas": null,
    "_id": "88hKkkkNdDLqU/PdsWY06X"
  },
  {
    "__type__": "cc.Widget",
    "_name": "",
    "_objFlags": 0,
    "node": {
      "__id__": 2
    },
    "_enabled": true,
    "alignMode": 1,
    "_target": null,
    "_alignFlags": 45,
    "_left": 0,
    "_right": 0,
    "_top": 0,
    "_bottom": 0,
    "_verticalCenter": 0,
    "_horizontalCenter": 0,
    "_isAbsLeft": true,
    "_isAbsRight": true,
    "_isAbsTop": true,
    "_isAbsBottom": true,
    "_isAbsHorizontalCenter": true,
    "_isAbsVerticalCenter": true,
    "_originalWidth": 375,
    "_originalHeight": 667,
    "_id": "b2yBcZ3WdKzL+YMf7KZekb"
  }
]