{
  "version": "1.1.1",
  "windows": {
    "main": {
      "main": true,
      "url": "app://editor/index.html",
      "windowType": "dockable",
      "x": 0,
      "y": 0,
      "width": 1920,
      "height": 1040,
      "layout": {
        "children": [
          {
            "active": 0,
            "children": [
              "assets"
            ],
            "height": 921,
            "type": "panel",
            "width": 307
          },
          {
            "children": [
              {
                "active": 1,
                "children": [
                  "console",
                  "scene"
                ],
                "height": 575,
                "type": "panel",
                "width": 717
              },
              {
                "active": 0,
                "children": [
                  "timeline",
                  "node-library"
                ],
                "height": 344,
                "type": "panel",
                "width": 717
              }
            ],
            "height": 921,
            "type": "dock-v",
            "width": 717
          },
          {
            "children": [
              {
                "active": 0,
                "children": [
                  "hierarchy"
                ],
                "height": 267,
                "type": "panel",
                "width": 876
              },
              {
                "active": 0,
                "children": [
                  "inspector",
                  "cocos-services"
                ],
                "height": 652,
                "type": "panel",
                "width": 876
              }
            ],
            "height": 921,
            "type": "dock-v",
            "width": 876
          }
        ],
        "type": "dock-h"
      },
      "panels": [
        "assets",
        "console",
        "timeline",
        "node-library",
        "hierarchy",
        "inspector",
        "cocos-services",
        "scene"
      ]
    }
  },
  "panels": {
    "project-settings": {
      "x": 662,
      "y": 240,
      "width": 600,
      "height": 565
    },
    "builder": {
      "x": 627,
      "y": 140,
      "width": 670,
      "height": 739
    },
    "simulator-debugger": {
      "x": 552,
      "y": 190,
      "width": 816,
      "height": 639
    },
    "preferences": {
      "x": 662,
      "y": 240,
      "width": 600,
      "height": 565
    }
  }
}