{
  "f8e6b000-5643-4b86-9080-aa680ce1f599": {
    "asset": 1570608744677,
    "meta": 1568707382000,
    "relativePath": "image"
  },
  "fc09f9bd-2cce-4605-b630-8145ef809ed6": {
    "asset": 1570608744711,
    "meta": 1568707382000,
    "relativePath": "misc"
  },
  "f6e6dd15-71d1-4ffe-ace7-24fd39942c05": {
    "asset": 1570608744859,
    "meta": 1568707382000,
    "relativePath": "obsolete"
  },
  "f743d2b6-b7ea-4c14-a55b-547ed4d0a045": {
    "asset": 1570608744885,
    "meta": 1568707382000,
    "relativePath": "particle"
  },
  "ae6c6c98-11e4-452f-8758-75f5c6a56e83": {
    "asset": 1570608745113,
    "meta": 1568707382000,
    "relativePath": "prefab"
  },
  "4307ddb0-185f-4b5d-93da-e9266b32394d": {
    "asset": 1571121928395,
    "meta": 1571121928414,
    "relativePath": "game.fire"
  },
  "111ecc22-115b-42ed-985a-5bb82ffe9f15": {
    "asset": 1571119878929,
    "meta": 1561597755792,
    "relativePath": "texTure"
  },
  "1ccf99fe-e123-4711-a3c6-f19266891f06": {
    "asset": 1561597297356,
    "meta": 1571022020879,
    "relativePath": "texTure\\tree.png"
  },
  "3fe5ea75-78d9-4318-97c7-868fc5c3bf7e": {
    "asset": 1561604628560,
    "meta": 1571022020826,
    "relativePath": "texTure\\branchRight.png"
  },
  "8e4553ad-d31d-4aea-ab7e-63739e74e7cb": {
    "asset": 1561604584250,
    "meta": 1571022020822,
    "relativePath": "texTure\\branchLeft.png"
  },
  "866e5224-b676-4fb7-809d-6ef7f70bac8e": {
    "asset": 1561445299133,
    "meta": 1571022020890,
    "relativePath": "texTure\\white.png"
  },
  "6a5e8846-619d-45d3-92e8-68b59d2d7040": {
    "asset": 1571022020884,
    "meta": 1571022020887,
    "relativePath": "tree.prefab"
  },
  "ae2a55ca-d698-44fe-90bd-33a15a85a568": {
    "asset": 1571022020449,
    "meta": 1571022020454,
    "relativePath": "branchRight.prefab"
  },
  "dff5628b-91bb-4a29-a995-940c6f3c119c": {
    "asset": 1571022020443,
    "meta": 1571022020452,
    "relativePath": "branchLeft.prefab"
  },
  "773e21d6-6e7b-485e-bba6-dcc79725bf1e": {
    "asset": 1561616078803,
    "meta": 1571022020845,
    "relativePath": "texTure\\qiezi.png"
  },
  "46b57ebe-ec7c-4984-b8b3-4b13b130ee40": {
    "asset": 1571119878881,
    "meta": 1561616328512,
    "relativePath": "scripte"
  },
  "9c63dbc4-f160-49c7-a25b-0f1bea92347d": {
    "asset": 1571103673033,
    "meta": 1571103673050,
    "relativePath": "rankinglist.prefab"
  },
  "fbef93da-9e73-4dd1-88c5-2a5a97c3c812": {
    "asset": 1571022020788,
    "meta": 1571022020791,
    "relativePath": "row.prefab"
  },
  "811a6d4a-9558-409a-bff2-9b7459873934": {
    "asset": 1560392376210,
    "meta": 1571022020841,
    "relativePath": "texTure\\close.png"
  },
  "3e20da3d-4f11-4f8e-b10c-5d62bfb16ff6": {
    "asset": 1562669422488,
    "meta": 1562669425001,
    "relativePath": "scripte\\lead.js"
  },
  "9836134e-b892-4283-b6b2-78b5acf3ed45": {
    "asset": 1570608744475,
    "meta": 1568707382000,
    "relativePath": "effects"
  },
  "5c3eedba-6c41-4c0c-9ba7-d91f813cbd1c": {
    "asset": 1570608744693,
    "meta": 1568707382000,
    "relativePath": "materials"
  },
  "db019bf7-f71c-4111-98cf-918ea180cb48": {
    "asset": 1570608744832,
    "meta": 1568707382000,
    "relativePath": "model"
  },
  "e39e96e6-6f6e-413f-bcf1-ac7679bb648a": {
    "asset": 1570608744815,
    "meta": 1568707382000,
    "relativePath": "model\\prefab"
  },
  "d8afc78c-4eac-4a9f-83dd-67bc70344d33": {
    "asset": 1570608745254,
    "meta": 1568707382000,
    "relativePath": "resources"
  },
  "294c1663-4adf-4a1e-a795-53808011a38a": {
    "asset": 1570608745182,
    "meta": 1568707382000,
    "relativePath": "resources\\effects"
  },
  "bbee2217-c261-49bd-a8ce-708d6bcc3500": {
    "asset": 1570755307517,
    "meta": 1568707382000,
    "relativePath": "resources\\materials"
  },
  "fe1417b6-fe6b-46a4-ae7c-9fd331f33a2a": {
    "asset": 1568707382000,
    "meta": 1571099561425,
    "relativePath": "model\\prefab\\capsule.prefab"
  },
  "a87cc147-01b2-43f8-8e42-a7ca90b0c757": {
    "asset": 1568707382000,
    "meta": 1571099561420,
    "relativePath": "model\\prefab\\box.prefab"
  },
  "b5fc2cf2-7942-483d-be1f-bbeadc4714ad": {
    "asset": 1568707382000,
    "meta": 1571099561430,
    "relativePath": "model\\prefab\\cone.prefab"
  },
  "1c5e4038-953a-44c2-b620-0bbfc6170477": {
    "asset": 1568707382000,
    "meta": 1571099561434,
    "relativePath": "model\\prefab\\cylinder.prefab"
  },
  "3f376125-a699-40ca-ad05-04d662eaa1f2": {
    "asset": 1568707382000,
    "meta": 1571099561439,
    "relativePath": "model\\prefab\\plane.prefab"
  },
  "6c9ef10d-b479-420b-bfe6-39cdda6a8ae0": {
    "asset": 1568707382000,
    "meta": 1571099561443,
    "relativePath": "model\\prefab\\quad.prefab"
  },
  "2d9a4b85-b0ab-4c46-84c5-18f393ab2058": {
    "asset": 1568707382000,
    "meta": 1571099561448,
    "relativePath": "model\\prefab\\sphere.prefab"
  },
  "de510076-056b-484f-b94c-83bef217d0e1": {
    "asset": 1568707382000,
    "meta": 1571099561577,
    "relativePath": "model\\prefab\\torus.prefab"
  },
  "8a96b965-2dc0-4e03-aa90-3b79cb93b5b4": {
    "asset": 1568707382000,
    "meta": 1571099561596,
    "relativePath": "obsolete\\atom.png"
  },
  "b8223619-7e38-47c4-841f-9160c232495a": {
    "asset": 1568707382000,
    "meta": 1571099562041,
    "relativePath": "obsolete\\atom.plist"
  },
  "b2687ac4-099e-403c-a192-ff477686f4f5": {
    "asset": 1568707382000,
    "meta": 1571099562043,
    "relativePath": "particle\\atom.plist"
  },
  "d0a82d39-bede-46c4-b698-c81ff0dedfff": {
    "asset": 1568707382000,
    "meta": 1571099561614,
    "relativePath": "particle\\atom.png"
  },
  "972b9a4d-47ee-4c74-b5c3-61d8a69bc29f": {
    "asset": 1568707382000,
    "meta": 1571099561620,
    "relativePath": "prefab\\button.prefab"
  },
  "897ef7a1-4860-4f64-968d-f5924b18668a": {
    "asset": 1568707382000,
    "meta": 1571099561627,
    "relativePath": "prefab\\camera.prefab"
  },
  "2c937608-2562-40ea-b264-7395df6f0cea": {
    "asset": 1568707382000,
    "meta": 1571099561632,
    "relativePath": "prefab\\canvas.prefab"
  },
  "61aeb05b-3b32-452b-8eed-2b76deeed554": {
    "asset": 1568707382000,
    "meta": 1571099561636,
    "relativePath": "prefab\\editbox.prefab"
  },
  "27756ebb-3d33-44b0-9b96-e858fadd4dd4": {
    "asset": 1568707382000,
    "meta": 1571099561641,
    "relativePath": "prefab\\label.prefab"
  },
  "785a442c-3ceb-45be-a46e-7317f625f3b9": {
    "asset": 1568707382000,
    "meta": 1571099561647,
    "relativePath": "prefab\\layout.prefab"
  },
  "ddb99b39-7004-47cd-9705-751905c43c46": {
    "asset": 1568707382000,
    "meta": 1571099561651,
    "relativePath": "prefab\\light.prefab"
  },
  "ca8401fe-ad6e-41a8-bd46-8e3e4e9945be": {
    "asset": 1568707382000,
    "meta": 1571099561657,
    "relativePath": "prefab\\pageview.prefab"
  },
  "cd33edea-55f5-46c2-958d-357a01384a36": {
    "asset": 1568707382000,
    "meta": 1571099561662,
    "relativePath": "prefab\\particlesystem.prefab"
  },
  "5965ffac-69da-4b55-bcde-9225d0613c28": {
    "asset": 1568707382000,
    "meta": 1571099561667,
    "relativePath": "prefab\\progressBar.prefab"
  },
  "4a37dd57-78cd-4cec-aad4-f11a73d12b63": {
    "asset": 1568707382000,
    "meta": 1571099561671,
    "relativePath": "prefab\\richtext.prefab"
  },
  "32044bd2-481f-4cf1-a656-e2b2fb1594eb": {
    "asset": 1568707382000,
    "meta": 1571099561677,
    "relativePath": "prefab\\scrollview.prefab"
  },
  "0004d1cf-a0ad-47d8-ab17-34d3db9d35a3": {
    "asset": 1568707382000,
    "meta": 1571099561684,
    "relativePath": "prefab\\slider.prefab"
  },
  "1f55e3be-b89b-4b79-88de-47fd31018044": {
    "asset": 1568707382000,
    "meta": 1571099561689,
    "relativePath": "prefab\\sprite_splash.prefab"
  },
  "96083d03-c332-4a3f-9386-d03e2d19e8ee": {
    "asset": 1568707382000,
    "meta": 1571099561694,
    "relativePath": "prefab\\sprite.prefab"
  },
  "7de03a80-4457-438d-95a7-3e7cdffd6086": {
    "asset": 1568707382000,
    "meta": 1571099561714,
    "relativePath": "prefab\\tiledmap.prefab"
  },
  "0e42ba95-1fa1-46aa-b2cf-143cd1bcee2c": {
    "asset": 1568707382000,
    "meta": 1571099561733,
    "relativePath": "prefab\\tiledtile.prefab"
  },
  "0d784963-d024-4ea6-a7db-03be0ad63010": {
    "asset": 1568707382000,
    "meta": 1571099561738,
    "relativePath": "prefab\\toggle.prefab"
  },
  "bf0a434c-84dd-4a8e-a08a-7a36f180cc75": {
    "asset": 1568707382000,
    "meta": 1571099561747,
    "relativePath": "prefab\\toggleContainer.prefab"
  },
  "d1b8be49-b0a0-435c-83b7-552bed4bbe35": {
    "asset": 1568707382000,
    "meta": 1571099561752,
    "relativePath": "prefab\\toggleGroup.prefab"
  },
  "232d2782-c4bd-4bb4-9e01-909f03d6d3b9": {
    "asset": 1568707382000,
    "meta": 1571099561759,
    "relativePath": "prefab\\videoplayer.prefab"
  },
  "8c5001fd-07ee-4a4b-a8a0-63e15195e94d": {
    "asset": 1568707382000,
    "meta": 1571099561764,
    "relativePath": "prefab\\webview.prefab"
  },
  "144c3297-af63-49e8-b8ef-1cfa29b3be28": {
    "asset": 1568707382000,
    "meta": 1571099561780,
    "relativePath": "resources\\effects\\builtin-2d-gray-sprite.effect"
  },
  "0e93aeaa-0b53-4e40-b8e0-6268b4e07bd7": {
    "asset": 1568707382000,
    "meta": 1571099561789,
    "relativePath": "resources\\effects\\builtin-2d-spine.effect"
  },
  "2874f8dd-416c-4440-81b7-555975426e93": {
    "asset": 1568707382000,
    "meta": 1571099561797,
    "relativePath": "resources\\effects\\builtin-2d-sprite.effect"
  },
  "c0040c95-c57f-49cd-9cbc-12316b73d0d4": {
    "asset": 1568707382000,
    "meta": 1571099561834,
    "relativePath": "resources\\effects\\builtin-clear-stencil.effect"
  },
  "6d91e591-4ce0-465c-809f-610ec95019c6": {
    "asset": 1568707382000,
    "meta": 1571099561937,
    "relativePath": "resources\\effects\\builtin-unlit.effect"
  },
  "6f801092-0c37-4f30-89ef-c8d960825b36": {
    "asset": 1568707382000,
    "meta": 1571099561946,
    "relativePath": "resources\\materials\\builtin-2d-base.mtl"
  },
  "3a7bb79f-32fd-422e-ada2-96f518fed422": {
    "asset": 1568707382000,
    "meta": 1571099561953,
    "relativePath": "resources\\materials\\builtin-2d-gray-sprite.mtl"
  },
  "7afd064b-113f-480e-b793-8817d19f63c3": {
    "asset": 1568707382000,
    "meta": 1571099561962,
    "relativePath": "resources\\materials\\builtin-2d-spine.mtl"
  },
  "eca5d2f2-8ef6-41c2-bbe6-f9c79d09c432": {
    "asset": 1568707382000,
    "meta": 1571099561966,
    "relativePath": "resources\\materials\\builtin-2d-sprite.mtl"
  },
  "cf7e0bb8-a81c-44a9-ad79-d28d43991032": {
    "asset": 1568707382000,
    "meta": 1571099561978,
    "relativePath": "resources\\materials\\builtin-clear-stencil.mtl"
  },
  "2a296057-247c-4a1c-bbeb-0548b6c98650": {
    "asset": 1568707382000,
    "meta": 1571099561982,
    "relativePath": "resources\\materials\\builtin-unlit.mtl"
  },
  "19357c40-4f3b-42db-93a9-09d75f657e4f": {
    "asset": 1570755297181,
    "meta": 1571099561986,
    "relativePath": "resources\\materials\\lps.mtl"
  },
  "954fec8b-cd16-4bb9-a3b7-7719660e7558": {
    "asset": 1568707382000,
    "meta": 1571099565923,
    "relativePath": "model\\primitives.fbx"
  },
  "430eccbf-bf2c-4e6e-8c0c-884bbb487f32": {
    "asset": 1568707382000,
    "meta": 1571099560936,
    "relativePath": "effects\\__builtin-editor-gizmo-line.effect"
  },
  "6c5cf6e1-b044-4eac-9431-835644d57381": {
    "asset": 1568707382000,
    "meta": 1571099560963,
    "relativePath": "effects\\__builtin-editor-gizmo-unlit.effect"
  },
  "115286d1-2e10-49ee-aab4-341583f607e8": {
    "asset": 1568707382000,
    "meta": 1571099561030,
    "relativePath": "effects\\__builtin-editor-gizmo.effect"
  },
  "abc2cb62-7852-4525-a90d-d474487b88f2": {
    "asset": 1568707382000,
    "meta": 1571099561032,
    "relativePath": "effects\\builtin-phong.effect"
  },
  "71561142-4c83-4933-afca-cb7a17f67053": {
    "asset": 1568707382000,
    "meta": 1571099561210,
    "relativePath": "image\\default_btn_disabled.png"
  },
  "e851e89b-faa2-4484-bea6-5c01dd9f06e2": {
    "asset": 1568707382000,
    "meta": 1571099561212,
    "relativePath": "image\\default_btn_normal.png"
  },
  "b43ff3c2-02bb-4874-81f7-f2dea6970f18": {
    "asset": 1568707382000,
    "meta": 1571099561233,
    "relativePath": "image\\default_btn_pressed.png"
  },
  "edd215b9-2796-4a05-aaf5-81f96c9281ce": {
    "asset": 1568707382000,
    "meta": 1571099561229,
    "relativePath": "image\\default_editbox_bg.png"
  },
  "d81ec8ad-247c-4e62-aa3c-d35c4193c7af": {
    "asset": 1568707382000,
    "meta": 1571099561265,
    "relativePath": "image\\default_panel.png"
  },
  "99170b0b-d210-46f1-b213-7d9e3f23098a": {
    "asset": 1568707382000,
    "meta": 1571099561261,
    "relativePath": "image\\default_progressbar_bg.png"
  },
  "cfef78f1-c8df-49b7-8ed0-4c953ace2621": {
    "asset": 1568707382000,
    "meta": 1571099561284,
    "relativePath": "image\\default_progressbar.png"
  },
  "567dcd80-8bf4-4535-8a5a-313f1caf078a": {
    "asset": 1568707382000,
    "meta": 1571099561281,
    "relativePath": "image\\default_radio_button_off.png"
  },
  "9d60001f-b5f4-4726-a629-2659e3ded0b8": {
    "asset": 1568707382000,
    "meta": 1571099561306,
    "relativePath": "image\\default_radio_button_on.png"
  },
  "4bab67cb-18e6-4099-b840-355f0473f890": {
    "asset": 1568707382000,
    "meta": 1571099561301,
    "relativePath": "image\\default_scrollbar_bg.png"
  },
  "617323dd-11f4-4dd3-8eec-0caf6b3b45b9": {
    "asset": 1568707382000,
    "meta": 1571099561323,
    "relativePath": "image\\default_scrollbar_vertical_bg.png"
  },
  "d6d3ca85-4681-47c1-b5dd-d036a9d39ea2": {
    "asset": 1568707382000,
    "meta": 1571099561329,
    "relativePath": "image\\default_scrollbar_vertical.png"
  },
  "0291c134-b3da-4098-b7b5-e397edbe947f": {
    "asset": 1568707382000,
    "meta": 1571099561348,
    "relativePath": "image\\default_scrollbar.png"
  },
  "0275e94c-56a7-410f-bd1a-fc7483f7d14a": {
    "asset": 1568707382000,
    "meta": 1571099561343,
    "relativePath": "image\\default_sprite_splash.png"
  },
  "73a0903d-d80e-4e3c-aa67-f999543c08f5": {
    "asset": 1568707382000,
    "meta": 1571099561365,
    "relativePath": "image\\default_toggle_checkmark.png"
  },
  "6e056173-d285-473c-b206-40a7fff5386e": {
    "asset": 1568707382000,
    "meta": 1571099561361,
    "relativePath": "image\\default_sprite.png"
  },
  "c25b9d50-c8fc-4d27-beeb-6e7c1f2e5c0f": {
    "asset": 1568707382000,
    "meta": 1571099561380,
    "relativePath": "image\\default_toggle_disabled.png"
  },
  "d29077ba-1627-4a72-9579-7b56a235340c": {
    "asset": 1568707382000,
    "meta": 1571099561385,
    "relativePath": "image\\default_toggle_normal.png"
  },
  "c4480a0a-6ac5-443f-8b40-361a14257fc8": {
    "asset": 1568707382000,
    "meta": 1571099561397,
    "relativePath": "materials\\builtin-phong.mtl"
  },
  "2be36297-9abb-4fee-8049-9ed5e271da8a": {
    "asset": 1568707382000,
    "meta": 1571099561409,
    "relativePath": "misc\\default_video.mp4"
  },
  "b181c1e4-0a72-4a91-bfb0-ae6f36ca60bd": {
    "asset": 1568707382000,
    "meta": 1571099561413,
    "relativePath": "image\\default_toggle_pressed.png"
  },
  "79eafaef-b7ef-45d9-9c3f-591dc836fc7a": {
    "asset": 1568707382000,
    "meta": 1571099561865,
    "relativePath": "resources\\effects\\builtin-unlit-transparent.effect"
  },
  "641050df-c046-446c-92e9-998a835a6cc3": {
    "asset": 1571100170413,
    "meta": 1571100881805,
    "relativePath": "scripte\\branch.js"
  },
  "c8b8892e-e80f-4c28-b318-3c18f7bdb88d": {
    "asset": 1571100533073,
    "meta": 1571100881827,
    "relativePath": "scripte\\branchmag1.js"
  },
  "5df4881a-034e-4d22-8a3f-278b4dad4b95": {
    "asset": 1571100527216,
    "meta": 1571100881843,
    "relativePath": "scripte\\branchmag2.js"
  },
  "a5771d95-e596-499f-8fb9-d37fdee00235": {
    "asset": 1571101838554,
    "meta": 1571102340514,
    "relativePath": "scripte\\data.js"
  },
  "22d75bbc-8b5c-45ac-91d4-dd4cf15c4b9b": {
    "asset": 1571108048492,
    "meta": 1571108237266,
    "relativePath": "scripte\\ranking.js"
  },
  "31554fd4-fad3-4d5a-b7b0-150dabb99d70": {
    "asset": 1571121088446,
    "meta": 1571121178117,
    "relativePath": "scripte\\tensApi.js"
  },
  "a12c2277-c8a9-4332-9410-2e9ace740be7": {
    "asset": 1571121697910,
    "meta": 1571121710112,
    "relativePath": "scripte\\androidSdk.js"
  },
  "65f576d9-84ed-4449-9b06-1e698a5fe38a": {
    "asset": 1571121900565,
    "meta": 1571121902676,
    "relativePath": "scripte\\play.js"
  }
}